{
  "v": "5.5.2",
  "fr": 60,
  "ip": 0,
  "op": 120,
  "w": 400,
  "h": 400,
  "nm": "Coding Animation",
  "ddd": 0,
  "assets": [],
  "layers": [
    {
      "ddd": 0,
      "ind": 1,
      "ty": 4,
      "nm": "Monitor",
      "sr": 1,
      "ks": {
        "o": {"a": 0, "k": 100, "ix": 11},
        "r": {"a": 0, "k": 0, "ix": 10},
        "p": {"a": 0, "k": [200, 200, 0], "ix": 2},
        "a": {"a": 0, "k": [0, 0, 0], "ix": 1},
        "s": {"a": 0, "k": [100, 100, 100], "ix": 6}
      },
      "ao": 0,
      "shapes": [
        {
          "ty": "gr",
          "it": [
            {
              "ty": "rc",
              "d": 1,
              "s": {"a": 0, "k": [300, 200], "ix": 2},
              "p": {"a": 0, "k": [0, 0], "ix": 3},
              "r": {"a": 0, "k": 10, "ix": 4},
              "nm": "Rectangle Path"
            },
            {
              "ty": "fl",
              "c": {"a": 0, "k": [0.2, 0.2, 0.3, 1], "ix": 4},
              "o": {"a": 0, "k": 100, "ix": 5},
              "r": 1,
              "bm": 0,
              "nm": "Fill"
            },
            {
              "ty": "tr",
              "p": {"a": 0, "k": [0, 0], "ix": 2},
              "a": {"a": 0, "k": [0, 0], "ix": 1},
              "s": {"a": 0, "k": [100, 100], "ix": 3},
              "r": {"a": 0, "k": 0, "ix": 6},
              "o": {"a": 0, "k": 100, "ix": 7}
            }
          ],
          "nm": "Monitor Screen",
          "bm": 0
        }
      ],
      "ip": 0,
      "op": 120,
      "st": 0,
      "bm": 0
    },
    {
      "ddd": 0,
      "ind": 2,
      "ty": 4,
      "nm": "Code Lines",
      "sr": 1,
      "ks": {
        "o": {"a": 1, "k": [
          {"i": {"x": [0.833], "y": [0.833]}, "o": {"x": [0.167], "y": [0.167]}, "t": 0, "s": [0]},
          {"i": {"x": [0.833], "y": [0.833]}, "o": {"x": [0.167], "y": [0.167]}, "t": 30, "s": [100]},
          {"i": {"x": [0.833], "y": [0.833]}, "o": {"x": [0.167], "y": [0.167]}, "t": 90, "s": [100]},
          {"t": 120, "s": [0]}
        ], "ix": 11},
        "r": {"a": 0, "k": 0, "ix": 10},
        "p": {"a": 0, "k": [200, 200, 0], "ix": 2},
        "a": {"a": 0, "k": [0, 0, 0], "ix": 1},
        "s": {"a": 0, "k": [100, 100, 100], "ix": 6}
      },
      "ao": 0,
      "shapes": [
        {
          "ty": "gr",
          "it": [
            {
              "ty": "rc",
              "d": 1,
              "s": {"a": 0, "k": [200, 10], "ix": 2},
              "p": {"a": 0, "k": [0, -40], "ix": 3},
              "r": {"a": 0, "k": 2, "ix": 4},
              "nm": "Code Line 1"
            },
            {
              "ty": "fl",
              "c": {"a": 0, "k": [0.3, 0.8, 0.4, 1], "ix": 4},
              "o": {"a": 0, "k": 100, "ix": 5},
              "r": 1,
              "bm": 0,
              "nm": "Fill"
            },
            {
              "ty": "tr",
              "p": {"a": 0, "k": [0, 0], "ix": 2},
              "a": {"a": 0, "k": [0, 0], "ix": 1},
              "s": {"a": 0, "k": [100, 100], "ix": 3},
              "r": {"a": 0, "k": 0, "ix": 6},
              "o": {"a": 0, "k": 100, "ix": 7}
            }
          ],
          "nm": "Code Lines Group",
          "bm": 0
        }
      ],
      "ip": 0,
      "op": 120,
      "st": 0,
      "bm": 0
    }
  ],
  "markers": []
}
