{
  "v": "5.5.2",
  "fr": 60,
  "ip": 0,
  "op": 120,
  "w": 300,
  "h": 300,
  "nm": "Empty State",
  "ddd": 0,
  "assets": [],
  "layers": [
    {
      "ddd": 0,
      "ind": 1,
      "ty": 4,
      "nm": "Empty Box",
      "sr": 1,
      "ks": {
        "o": {"a": 1, "k": [
          {"i": {"x": [0.833], "y": [0.833]}, "o": {"x": [0.167], "y": [0.167]}, "t": 0, "s": [50]},
          {"i": {"x": [0.833], "y": [0.833]}, "o": {"x": [0.167], "y": [0.167]}, "t": 60, "s": [100]},
          {"t": 120, "s": [50]}
        ], "ix": 11},
        "r": {"a": 0, "k": 0, "ix": 10},
        "p": {"a": 0, "k": [150, 150, 0], "ix": 2},
        "a": {"a": 0, "k": [0, 0, 0], "ix": 1},
        "s": {"a": 1, "k": [
          {"i": {"x": [0.833], "y": [0.833]}, "o": {"x": [0.167], "y": [0.167]}, "t": 0, "s": [90, 90, 100]},
          {"i": {"x": [0.833], "y": [0.833]}, "o": {"x": [0.167], "y": [0.167]}, "t": 60, "s": [100, 100, 100]},
          {"t": 120, "s": [90, 90, 100]}
        ], "ix": 6}
      },
      "ao": 0,
      "shapes": [
        {
          "ty": "gr",
          "it": [
            {
              "ty": "rc",
              "d": 1,
              "s": {"a": 0, "k": [120, 80], "ix": 2},
              "p": {"a": 0, "k": [0, 0], "ix": 3},
              "r": {"a": 0, "k": 10, "ix": 4},
              "nm": "Box"
            },
            {
              "ty": "st",
              "c": {"a": 0, "k": [0.6, 0.6, 0.6, 1], "ix": 3},
              "o": {"a": 0, "k": 100, "ix": 4},
              "w": {"a": 0, "k": 3, "ix": 5},
              "lc": 2,
              "lj": 1,
              "d": [
                {
                  "n": "d",
                  "nm": "dash",
                  "v": {"a": 0, "k": 8, "ix": 1}
                },
                {
                  "n": "g", 
                  "nm": "gap",
                  "v": {"a": 0, "k": 6, "ix": 2}
                }
              ],
              "ml": 4,
              "nm": "Stroke"
            },
            {
              "ty": "tr",
              "p": {"a": 0, "k": [0, 0], "ix": 2},
              "a": {"a": 0, "k": [0, 0], "ix": 1},
              "s": {"a": 0, "k": [100, 100], "ix": 3},
              "r": {"a": 0, "k": 0, "ix": 6},
              "o": {"a": 0, "k": 100, "ix": 7}
            }
          ],
          "nm": "Empty Box",
          "bm": 0
        }
      ],
      "ip": 0,
      "op": 120,
      "st": 0,
      "bm": 0
    },
    {
      "ddd": 0,
      "ind": 2,
      "ty": 5,
      "nm": "No Projects Text",
      "sr": 1,
      "ks": {
        "o": {"a": 0, "k": 70, "ix": 11},
        "r": {"a": 0, "k": 0, "ix": 10},
        "p": {"a": 0, "k": [150, 220, 0], "ix": 2},
        "a": {"a": 0, "k": [0, 0, 0], "ix": 1},
        "s": {"a": 0, "k": [100, 100, 100], "ix": 6}
      },
      "ao": 0,
      "t": {
        "d": {
          "k": [
            {
              "s": {
                "sz": [200, 40],
                "ps": [-100, -20],
                "s": 18,
                "f": "Arial-Regular",
                "t": "No projects yet",
                "j": 2,
                "tr": 0,
                "lh": 21.6,
                "ls": 0,
                "fc": [0.4, 0.4, 0.4]
              },
              "t": 0
            }
          ]
        },
        "p": {},
        "m": {
          "g": 1,
          "a": {"a": 0, "k": [0, 0], "ix": 2}
        },
        "a": []
      },
      "ip": 0,
      "op": 120,
      "st": 0,
      "bm": 0
    }
  ],
  "markers": []
}
