{"nm":"Comp 5","mn":"","layers":[{"ty":4,"nm":"men","mn":"","sr":1,"st":0,"op":200,"ip":0,"hd":false,"cl":"","ln":"","ddd":0,"bm":0,"tt":0,"hasMask":false,"td":0,"ao":0,"ks":{"a":{"a":0,"k":[1569.5,1214.5,0],"ix":1},"s":{"a":0,"k":[51,51,100],"ix":6},"sk":{"a":0,"k":0},"p":{"a":0,"k":[492,72,0],"ix":2},"sa":{"a":0,"k":0},"o":{"a":0,"k":100,"ix":11},"r":{"a":0,"k":0,"ix":10}},"ef":[],"shapes":[{"ty":"gr","bm":0,"cl":"","ln":"","hd":false,"mn":"ADBE Vector Group","nm":"man 1","ix":1,"cix":2,"np":9,"it":[{"ty":"gr","bm":0,"cl":"","ln":"","hd":false,"mn":"ADBE Vector Group","nm":"laptop","ix":1,"cix":2,"np":6,"it":[{"ty":"sh","bm":0,"cl":"","ln":"","hd":false,"mn":"ADBE Vector Shape - Group","nm":"Path 3","ix":1,"d":1,"ks":{"a":0,"k":{"c":true,"i":[[-18.958,-13.4],[-0.166,-10.581],[14.99,-0.235],[0.166,10.581]],"o":[[18.542,-15.186],[0.166,10.581],[-14.99,0.235],[-0.166,-10.581]],"v":[[4.055,-14.791],[31.05,-1.862],[4.209,17.722],[-23.233,-1.011]]},"ix":2}},{"ty":"fl","bm":0,"cl":"","ln":"","hd":false,"mn":"ADBE Vector Graphic - Fill","nm":"Fill 1","c":{"a":0,"k":[0.9804,0.9804,0.9804],"ix":4},"r":1,"o":{"a":0,"k":100,"ix":5}},{"ty":"sh","bm":0,"cl":"","ln":"","hd":false,"mn":"ADBE Vector Shape - Group","nm":"Path 1","ix":3,"d":1,"ks":{"a":0,"k":{"c":true,"i":[[13.91,0],[0,0],[2.3,13.23],[0,0],[-17.61,0],[0,0],[2.91,-16.74],[0,0]],"o":[[0,0],[-13.91,0],[0,0],[-2.91,-16.74],[0,0],[17.61,0],[0,0],[-2.3,13.23]],"v":[[172.63,147.195],[-172.63,147.195],[-200.72,124.285],[-242.35,-115.215],[-214.26,-147.195],[214.26,-147.195],[242.35,-115.215],[200.72,124.285]]},"ix":2}},{"ty":"fl","bm":0,"cl":"","ln":"","hd":false,"mn":"ADBE Vector Graphic - Fill","nm":"Fill 3","c":{"a":0,"k":[0.7882,0.7882,0.7882],"ix":4},"r":1,"o":{"a":0,"k":100,"ix":5}},{"ty":"sh","bm":0,"cl":"","ln":"","hd":false,"mn":"ADBE Vector Shape - Group","nm":"Path 2","ix":5,"d":1,"ks":{"a":0,"k":{"c":true,"i":[[13.91,0],[0,0],[2.3,13.72],[0,0],[-17.61,0],[0,0],[2.91,-17.37],[0,0]],"o":[[0,0],[-13.91,0],[0,0],[-2.91,-17.37],[0,0],[17.61,0],[0,0],[-2.3,13.72]],"v":[[172.63,147.195],[-172.63,147.195],[-200.72,123.425],[-242.35,-125.035],[-214.26,-158.215],[214.26,-158.215],[242.35,-125.035],[200.72,123.425]]},"ix":2}},{"ty":"fl","bm":0,"cl":"","ln":"","hd":false,"mn":"ADBE Vector Graphic - Fill","nm":"Fill 2","c":{"a":0,"k":[0.6314,0.6314,0.6314],"ix":4},"r":1,"o":{"a":0,"k":100,"ix":5}},{"ty":"tr","a":{"a":0,"k":[-3.571,132.143],"ix":1},"s":{"a":1,"k":[{"o":{"x":0.167,"y":0.167},"i":{"x":0.833,"y":0.833},"s":[100,100],"t":0},{"o":{"x":0.167,"y":0.167},"i":{"x":0.833,"y":0.833},"s":[100,95],"t":5},{"o":{"x":0.167,"y":0.167},"i":{"x":0.833,"y":0.833},"s":[100,100],"t":9},{"o":{"x":0.167,"y":0.167},"i":{"x":0.833,"y":0.833},"s":[100,95],"t":13},{"o":{"x":0.167,"y":0.167},"i":{"x":0.833,"y":0.833},"s":[100,100],"t":17},{"o":{"x":0.167,"y":0.167},"i":{"x":0.833,"y":0.833},"s":[100,100],"t":20}],"ix":3},"sk":{"a":0,"k":0,"ix":4},"p":{"a":0,"k":[2050.029,2250.388],"ix":2},"r":{"a":1,"k":[{"o":{"x":0.167,"y":0.167},"i":{"x":0.833,"y":0.833},"s":[0],"t":0},{"o":{"x":0.167,"y":0.167},"i":{"x":0.833,"y":0.833},"s":[3],"t":3},{"o":{"x":0.167,"y":0.167},"i":{"x":0.833,"y":0.833},"s":[3],"t":8},{"o":{"x":0.167,"y":0.167},"i":{"x":0.833,"y":0.833},"s":[0],"t":11},{"o":{"x":0.167,"y":0.167},"i":{"x":0.833,"y":0.833},"s":[-3],"t":14},{"o":{"x":0.167,"y":0.167},"i":{"x":0.833,"y":0.833},"s":[-3],"t":17},{"o":{"x":0.167,"y":0.167},"i":{"x":0.833,"y":0.833},"s":[0],"t":20}],"ix":6},"sa":{"a":0,"k":0,"ix":5},"o":{"a":0,"k":100,"ix":7}}]},{"ty":"gr","bm":0,"cl":"","ln":"","hd":false,"mn":"ADBE Vector Group","nm":"feet","ix":2,"cix":2,"np":3,"it":[{"ty":"sh","bm":0,"cl":"","ln":"","hd":false,"mn":"ADBE Vector Shape - Group","nm":"Path 2","ix":1,"d":1,"ks":{"a":0,"k":{"c":true,"i":[[0,0],[49.31,-40.74],[-38.6,8.93]],"o":[[-2.07,-0.36],[-49.32,40.73],[38.59,-8.92]],"v":[[-161.88,-5.455],[-434.18,-20.365],[-230.49,12.135]]},"ix":2}},{"ty":"sh","bm":0,"cl":"","ln":"","hd":false,"mn":"ADBE Vector Shape - Group","nm":"Path 1","ix":2,"d":1,"ks":{"a":0,"k":{"c":true,"i":[[0,0],[-62.18,-6.43],[53.61,-16.8],[25.73,2.14]],"o":[[0,0],[62.18,6.43],[-53.6,16.81],[-25.73,-2.14]],"v":[[-112.57,4.455],[-3.22,-24.655],[58.96,12.135],[-76.12,28.945]]},"ix":2}},{"ty":"fl","bm":0,"cl":"","ln":"","hd":false,"mn":"ADBE Vector Graphic - Fill","nm":"Fill 1","c":{"a":0,"k":[0.2392,0.2431,0],"ix":4},"r":1,"o":{"a":0,"k":100,"ix":5}},{"ty":"tr","a":{"a":0,"k":[0,0],"ix":1},"s":{"a":0,"k":[100,100],"ix":3},"sk":{"a":0,"k":0,"ix":4},"p":{"a":0,"k":[2261.08,2368.785],"ix":2},"r":{"a":0,"k":0,"ix":6},"sa":{"a":0,"k":0,"ix":5},"o":{"a":0,"k":100,"ix":7}}]},{"ty":"gr","bm":0,"cl":"","ln":"","hd":false,"mn":"ADBE Vector Group","nm":"face","ix":3,"cix":2,"np":7,"it":[{"ty":"sh","bm":0,"cl":"","ln":"","hd":false,"mn":"ADBE Vector Shape - Group","nm":"Path 4","ix":1,"d":1,"ks":{"a":0,"k":{"c":true,"i":[[-15.77,-15.12],[-20.38,2.19],[-17.08,-3.29],[-6.57,-17.09],[26.322,23.806],[20.523,0.028],[0.93,-3.095],[-2.666,32.383],[-1.97,32.87],[26.29,14.45],[11.18,-0.66],[29.28,-7.56],[-6.57,-21.03],[-2.762,-24.271],[-1.383,-8.101],[-70.213,-2.098],[5.875,1.053],[9.338,-7.806],[3.955,9.667]],"o":[[0,0],[20.37,-2.19],[17.09,3.29],[3.069,7.984],[-8.168,-7.387],[-2.492,-0.003],[-2.37,7.9],[4.725,-57.386],[1.97,-32.86],[-26.29,-14.46],[-11.17,0.65],[-29.29,7.57],[4.595,14.708],[1.187,10.432],[4.6,26.95],[10.528,0.315],[-10.227,-1.833],[-32.458,27.132],[-8.54,-20.9]],"v":[[-48.235,-40.11],[20.125,-39.02],[53.635,-67.06],[74.015,-4.62],[38.987,80.327],[-0.195,70.01],[2.264,117.68],[80.85,71.789],[97.675,-65.75],[58.895,-134.75],[-31.805,-153.81],[-79.075,-132.13],[-108.695,-67.06],[-95.616,1.493],[-85.749,63.598],[2.434,119.5],[-1.142,72.317],[-29.58,77.95],[-77.155,13.25]]},"ix":2}},{"ty":"sh","bm":0,"cl":"","ln":"","hd":false,"mn":"ADBE Vector Shape - Group","nm":"Path 5","ix":2,"d":1,"ks":{"a":0,"k":{"c":true,"i":[[58.49,-17.75],[1.738,-29.556],[-38.837,13.488],[-21.828,16.418],[-31.96,-12.167],[1.336,12.981]],"o":[[-20.846,6.321],[-2.987,50.82],[-33.909,-33.931],[-17.23,-12.474],[22.128,8.424],[-4.6,-44.69]],"v":[[-27.855,-158.41],[-76.13,-96.955],[9.37,-8.309],[63.524,-11.575],[75.725,-31.411],[99.452,-100.483]]},"ix":2}},{"ty":"fl","bm":0,"cl":"","ln":"","hd":false,"mn":"ADBE Vector Graphic - Fill","nm":"Fill 2","c":{"a":0,"k":[0.2431,0.2471,0.0314],"ix":4},"r":1,"o":{"a":0,"k":100,"ix":5}},{"ty":"sh","bm":0,"cl":"","ln":"","hd":false,"mn":"ADBE Vector Shape - Group","nm":"Path 1","ix":4,"d":1,"ks":{"a":0,"k":{"c":true,"i":[[0,-62.07],[48.2,0],[0,62.07],[-48.2,0]],"o":[[0,62.07],[-48.2,0],[0,-62.07],[48.2,0]],"v":[[87.275,0],[-0.005,112.38],[-87.275,0],[-0.005,-112.38]]},"ix":2}},{"ty":"sh","bm":0,"cl":"","ln":"","hd":false,"mn":"ADBE Vector Shape - Group","nm":"Path 2","ix":5,"d":1,"ks":{"a":0,"k":{"c":true,"i":[[-9.65,-15.49],[7.36,-7.6],[9.65,15.49],[-7.36,7.6]],"o":[[9.64,15.5],[-7.36,7.61],[-9.64,-15.49],[7.36,-7.6]],"v":[[-87.245,-17.12],[-83.115,24.69],[-113.905,10.41],[-118.035,-31.4]]},"ix":2}},{"ty":"sh","bm":0,"cl":"","ln":"","hd":false,"mn":"ADBE Vector Shape - Group","nm":"Path 3","ix":6,"d":1,"ks":{"a":0,"k":{"c":true,"i":[[8.34,-17.02],[8.37,5.38],[-8.34,17.02],[-8.37,-5.38]],"o":[[-8.34,17.03],[-8.36,-5.38],[8.34,-17.03],[8.37,5.38]],"v":[[109.095,1.09],[78.845,22.18],[78.795,-18.38],[109.045,-39.47]]},"ix":2}},{"ty":"fl","bm":0,"cl":"","ln":"","hd":false,"mn":"ADBE Vector Graphic - Fill","nm":"Fill 1","c":{"a":0,"k":[1,0.5569,0.2275],"ix":4},"r":1,"o":{"a":0,"k":100,"ix":5}},{"ty":"tr","a":{"a":0,"k":[0,122.321],"ix":1},"s":{"a":0,"k":[100,100],"ix":3},"sk":{"a":0,"k":0,"ix":4},"p":{"a":0,"k":[2050.735,1733.971],"ix":2},"r":{"a":1,"k":[{"o":{"x":0.333,"y":0},"i":{"x":0.28,"y":1},"s":[0],"t":0},{"o":{"x":0.333,"y":0},"i":{"x":0.28,"y":1},"s":[-4.928],"t":9},{"o":{"x":0.333,"y":0},"i":{"x":0.28,"y":1},"s":[-4.928],"t":15},{"o":{"x":0.333,"y":0},"i":{"x":0.28,"y":1},"s":[5.005],"t":26},{"o":{"x":0.333,"y":0},"i":{"x":0.28,"y":1},"s":[5.005],"t":32},{"o":{"x":0.333,"y":0},"i":{"x":0.28,"y":1},"s":[0],"t":40},{"o":{"x":0.167,"y":0.167},"i":{"x":0.833,"y":0.833},"s":[0],"t":50}],"ix":6},"sa":{"a":0,"k":0,"ix":5},"o":{"a":0,"k":100,"ix":7}}]},{"ty":"gr","bm":0,"cl":"","ln":"","hd":false,"mn":"ADBE Vector Group","nm":"nake","ix":4,"cix":2,"np":4,"it":[{"ty":"sh","bm":0,"cl":"","ln":"","hd":false,"mn":"ADBE Vector Shape - Group","nm":"Path 1","ix":1,"d":1,"ks":{"a":0,"k":{"c":true,"i":[[27.91,0],[0,-27.91],[0,0],[-42.61,33.01],[0,0]],"o":[[-27.91,0],[0,0],[29.92,25],[0,0],[0,-27.91]],"v":[[0,-107.71],[-50.75,-56.96],[-50.75,82.71],[50.75,61.6],[50.75,-56.96]]},"ix":2}},{"ty":"fl","bm":0,"cl":"","ln":"","hd":false,"mn":"ADBE Vector Graphic - Fill","nm":"Fill 1","c":{"a":0,"k":[0.9137,0.4549,0.1098],"ix":4},"r":1,"o":{"a":0,"k":100,"ix":5}},{"ty":"sh","bm":0,"cl":"","ln":"","hd":false,"mn":"ADBE Vector Shape - Group","nm":"Path 2","ix":3,"d":1,"ks":{"a":0,"k":{"c":true,"i":[[27.91,0],[0,27.91],[0,0],[-27.91,0],[0,-27.91],[0,0]],"o":[[-27.91,0],[0,0],[0,-27.91],[27.91,0],[0,0],[0,27.91]],"v":[[0,164.6],[-50.75,113.85],[-50.75,-56.96],[0,-107.71],[50.75,-56.96],[50.75,113.85]]},"ix":2}},{"ty":"fl","bm":0,"cl":"","ln":"","hd":false,"mn":"ADBE Vector Graphic - Fill","nm":"Fill 2","c":{"a":0,"k":[1,0.5569,0.2275],"ix":4},"r":1,"o":{"a":0,"k":100,"ix":5}},{"ty":"tr","a":{"a":0,"k":[0,0],"ix":1},"s":{"a":0,"k":[100,100],"ix":3},"sk":{"a":0,"k":0,"ix":4},"p":{"a":0,"k":[2048.45,1662.8],"ix":2},"r":{"a":0,"k":0,"ix":6},"sa":{"a":0,"k":0,"ix":5},"o":{"a":0,"k":100,"ix":7}}]},{"ty":"gr","bm":0,"cl":"","ln":"","hd":false,"mn":"ADBE Vector Group","nm":"hand 3","ix":5,"cix":2,"np":2,"it":[{"ty":"sh","bm":0,"cl":"","ln":"","hd":false,"mn":"ADBE Vector Shape - Group","nm":"Path 3","ix":1,"d":1,"ks":{"a":0,"k":{"c":false,"i":[[-0.154,-19.769],[87.175,-16.072]],"o":[[0.26,33.281],[-241.629,44.546]],"v":[[306.77,87.135],[70.731,165.581]]},"ix":2}},{"ty":"st","bm":0,"cl":"","ln":"","hd":false,"mn":"ADBE Vector Graphic - Stroke","nm":"Stroke 1","lc":2,"lj":2,"ml":1,"o":{"a":0,"k":100,"ix":4},"w":{"a":0,"k":102,"ix":5},"d":[],"c":{"a":0,"k":[0.2431,0.5608,0.9647],"ix":3}},{"ty":"tr","a":{"a":0,"k":[306.027,87.054],"ix":1},"s":{"a":0,"k":[100,100],"ix":3},"sk":{"a":0,"k":0,"ix":4},"p":{"a":0,"k":[2368.497,2075.259],"ix":2},"r":{"a":1,"k":[{"o":{"x":0.167,"y":0.167},"i":{"x":0.833,"y":0.833},"s":[17],"t":0},{"o":{"x":0.167,"y":0.167},"i":{"x":0.833,"y":0.833},"s":[-1],"t":3},{"o":{"x":0.167,"y":0.167},"i":{"x":0.833,"y":0.833},"s":[17],"t":6},{"o":{"x":0.167,"y":0.167},"i":{"x":0.833,"y":0.833},"s":[17],"t":10},{"o":{"x":0.167,"y":0.167},"i":{"x":0.833,"y":0.833},"s":[-5],"t":14},{"o":{"x":0.167,"y":0.167},"i":{"x":0.833,"y":0.833},"s":[17],"t":16},{"o":{"x":0.167,"y":0.167},"i":{"x":0.833,"y":0.833},"s":[17],"t":20}],"ix":6},"sa":{"a":0,"k":0,"ix":5},"o":{"a":0,"k":100,"ix":7}}]},{"ty":"gr","bm":0,"cl":"","ln":"","hd":false,"mn":"ADBE Vector Group","nm":"hand 2","ix":6,"cix":2,"np":2,"it":[{"ty":"sh","bm":0,"cl":"","ln":"","hd":false,"mn":"ADBE Vector Shape - Group","nm":"Path 2","ix":1,"d":1,"ks":{"a":0,"k":{"c":false,"i":[[0.161,-19.769],[-91.072,-16.072]],"o":[[-0.271,33.281],[252.429,44.546]],"v":[[-344.917,92.492],[-98.327,170.938]]},"ix":2}},{"ty":"st","bm":0,"cl":"","ln":"","hd":false,"mn":"ADBE Vector Graphic - Stroke","nm":"Stroke 1","lc":2,"lj":2,"ml":1,"o":{"a":0,"k":100,"ix":4},"w":{"a":0,"k":102,"ix":5},"d":[],"c":{"a":0,"k":[0.2431,0.5608,0.9647],"ix":3}},{"ty":"tr","a":{"a":0,"k":[-345.536,92.857],"ix":1},"s":{"a":0,"k":[100,100],"ix":3},"sk":{"a":0,"k":0,"ix":4},"p":{"a":0,"k":[1716.934,2081.062],"ix":2},"r":{"a":1,"k":[{"o":{"x":0.167,"y":0.167},"i":{"x":0.833,"y":0.833},"s":[-19],"t":0},{"o":{"x":0.167,"y":0.167},"i":{"x":0.833,"y":0.833},"s":[-19],"t":6},{"o":{"x":0.167,"y":0.167},"i":{"x":0.833,"y":0.833},"s":[-2],"t":11},{"o":{"x":0.167,"y":0.167},"i":{"x":0.833,"y":0.833},"s":[-7.667],"t":14},{"o":{"x":0.167,"y":0.167},"i":{"x":0.833,"y":0.833},"s":[1.667],"t":16},{"o":{"x":0.167,"y":0.167},"i":{"x":0.833,"y":0.833},"s":[-19],"t":20}],"ix":6},"sa":{"a":0,"k":0,"ix":5},"o":{"a":0,"k":100,"ix":7}}]},{"ty":"gr","bm":0,"cl":"","ln":"","hd":false,"mn":"ADBE Vector Group","nm":"body","ix":7,"cix":2,"np":2,"it":[{"ty":"sh","bm":0,"cl":"","ln":"","hd":false,"mn":"ADBE Vector Shape - Group","nm":"Path 1","ix":1,"d":1,"ks":{"a":0,"k":{"c":true,"i":[[0,0],[2.59,-38.59],[-116.93,-40.74],[0,0],[40.74,64.32],[0,0]],"o":[[-13.59,2.14],[-2.59,38.59],[116.92,40.74],[0,0],[-40.74,-64.33],[0,0]],"v":[[-51.18,-283.025],[-278.57,-150.155],[-103.78,242.285],[143.94,242.285],[240.42,-160.805],[15.29,-283.025]]},"ix":2}},{"ty":"fl","bm":0,"cl":"","ln":"","hd":false,"mn":"ADBE Vector Graphic - Fill","nm":"Fill 1","c":{"a":0,"k":[0.2431,0.5608,0.9647],"ix":4},"r":1,"o":{"a":0,"k":100,"ix":5}},{"ty":"tr","a":{"a":0,"k":[0,0],"ix":1},"s":{"a":0,"k":[100,100],"ix":3},"sk":{"a":0,"k":0,"ix":4},"p":{"a":0,"k":[2062.47,1988.205],"ix":2},"r":{"a":0,"k":0,"ix":6},"sa":{"a":0,"k":0,"ix":5},"o":{"a":0,"k":100,"ix":7}}]},{"ty":"gr","bm":0,"cl":"","ln":"","hd":false,"mn":"ADBE Vector Group","nm":"hand","ix":8,"cix":2,"np":3,"it":[{"ty":"sh","bm":0,"cl":"","ln":"","hd":false,"mn":"ADBE Vector Shape - Group","nm":"Path 2","ix":1,"d":1,"ks":{"a":0,"k":{"c":false,"i":[[0,0],[0.161,-19.769]],"o":[[0,0],[-0.271,33.281]],"v":[[-234.042,-123.705],[-344.917,92.492]]},"ix":2}},{"ty":"sh","bm":0,"cl":"","ln":"","hd":false,"mn":"ADBE Vector Shape - Group","nm":"Path 3","ix":2,"d":1,"ks":{"a":0,"k":{"c":false,"i":[[0,0],[-0.154,-19.769]],"o":[[0,0],[0.26,33.281]],"v":[[200.638,-129.063],[306.77,87.135]]},"ix":2}},{"ty":"st","bm":0,"cl":"","ln":"","hd":false,"mn":"ADBE Vector Graphic - Stroke","nm":"Stroke 1","lc":2,"lj":2,"ml":1,"o":{"a":0,"k":100,"ix":4},"w":{"a":0,"k":102,"ix":5},"d":[],"c":{"a":0,"k":[0.2431,0.5608,0.9647],"ix":3}},{"ty":"tr","a":{"a":0,"k":[0,0],"ix":1},"s":{"a":0,"k":[100,100],"ix":3},"sk":{"a":0,"k":0,"ix":4},"p":{"a":0,"k":[2062.47,1988.205],"ix":2},"r":{"a":0,"k":0,"ix":6},"sa":{"a":0,"k":0,"ix":5},"o":{"a":0,"k":100,"ix":7}}]},{"ty":"gr","bm":0,"cl":"","ln":"","hd":false,"mn":"ADBE Vector Group","nm":"leg","ix":9,"cix":2,"np":2,"it":[{"ty":"sh","bm":0,"cl":"","ln":"","hd":false,"mn":"ADBE Vector Shape - Group","nm":"Path 1","ix":1,"d":1,"ks":{"a":0,"k":{"c":true,"i":[[0,0],[144.94,-137.23],[-262.8,34.62],[-32.4,0.77],[158.1,113.33],[75.04,-40.74]],"o":[[0,0],[-115.73,109.57],[184.98,-24.36],[241.11,-18.47],[-215.37,-154.38],[-75.05,40.73]],"v":[[-32.97,53.8],[-520.55,-46.96],[-168.05,156.72],[70.3,166.98],[478.18,-36.96],[42.08,13.07]]},"ix":2}},{"ty":"fl","bm":0,"cl":"","ln":"","hd":false,"mn":"ADBE Vector Graphic - Fill","nm":"Fill 1","c":{"a":0,"k":[0.1961,0.1961,0.0627],"ix":4},"r":1,"o":{"a":0,"k":100,"ix":5}},{"ty":"tr","a":{"a":0,"k":[0,0],"ix":1},"s":{"a":0,"k":[100,100],"ix":3},"sk":{"a":0,"k":0,"ix":4},"p":{"a":0,"k":[2087.14,2210.99],"ix":2},"r":{"a":0,"k":0,"ix":6},"sa":{"a":0,"k":0,"ix":5},"o":{"a":0,"k":100,"ix":7}}]},{"ty":"tr","a":{"a":0,"k":[0,0],"ix":1},"s":{"a":0,"k":[100,100],"ix":3},"sk":{"a":0,"k":0,"ix":4},"p":{"a":1,"k":[{"o":{"x":0.333,"y":0},"i":{"x":0.667,"y":1},"s":[-489.286,124],"t":0},{"o":{"x":0.333,"y":0},"i":{"x":0.667,"y":1},"s":[-489.286,165],"t":25},{"o":{"x":0.167,"y":0.167},"i":{"x":0.833,"y":0.833},"s":[-489.286,124],"t":50}],"ix":2},"r":{"a":0,"k":0,"ix":6},"sa":{"a":0,"k":0,"ix":5},"o":{"a":0,"k":100,"ix":7}}]},{"ty":"gr","bm":0,"cl":"","ln":"","hd":false,"mn":"ADBE Vector Group","nm":"bg","ix":2,"cix":2,"np":2,"it":[{"ty":"sh","bm":0,"cl":"","ln":"","hd":false,"mn":"ADBE Vector Shape - Group","nm":"Path 1","ix":1,"d":1,"ks":{"a":0,"k":{"c":true,"i":[[58.19,0],[116.77,9.96],[120.35,0],[50.3,-3.61],[60.88,0],[-436.631,22.68],[-310.57,0],[-8.3,-0.02],[443.02,-28]],"o":[[-140.26,0],[-116.78,-9.97],[-46.89,0],[-61.24,4.41],[-298.972,0],[511,-26.53],[8.85,0],[347.3,0.87],[-65.53,4.14]],"v":[[452.18,68.28],[73.38,48.35],[-275.519,28.41],[-420.919,33.54],[-606.62,39.86],[-702.16,-28.87],[765.75,-68.28],[791.49,-68.25],[637.271,62.42]]},"ix":2}},{"ty":"fl","bm":0,"cl":"","ln":"","hd":false,"mn":"ADBE Vector Graphic - Fill","nm":"Fill 1","c":{"a":0,"k":[0.2431,0.5608,0.9647],"ix":4},"r":1,"o":{"a":0,"k":50,"ix":5}},{"ty":"tr","a":{"a":0,"k":[0,0],"ix":1},"s":{"a":1,"k":[{"o":{"x":0.333,"y":0},"i":{"x":0.667,"y":1},"s":[60,100],"t":0},{"o":{"x":0.333,"y":0},"i":{"x":0.667,"y":1},"s":[57,100],"t":25},{"o":{"x":0.167,"y":0.167},"i":{"x":0.833,"y":0.833},"s":[60,100],"t":50}],"ix":3},"sk":{"a":0,"k":0,"ix":4},"p":{"a":0,"k":[1556.274,2610.72],"ix":2},"r":{"a":0,"k":0,"ix":6},"sa":{"a":0,"k":0,"ix":5},"o":{"a":1,"k":[{"o":{"x":0.333,"y":0},"i":{"x":0.667,"y":1},"s":[49.343],"t":0},{"o":{"x":0.333,"y":0},"i":{"x":0.667,"y":1},"s":[100],"t":25},{"o":{"x":0.167,"y":0.167},"i":{"x":0.833,"y":0.833},"s":[49.343],"t":50}],"ix":7}}]}],"ind":0},{"ty":4,"nm":"Shape Layer 2","mn":"","sr":1,"st":0,"op":200,"ip":0,"hd":false,"cl":"","ln":"","ddd":0,"bm":0,"tt":0,"hasMask":false,"td":0,"ao":0,"ks":{"a":{"a":0,"k":[0,0,0],"ix":1},"s":{"a":0,"k":[91,91.91,100],"ix":6},"sk":{"a":0,"k":0},"p":{"a":0,"k":[480,552,0],"ix":2},"sa":{"a":0,"k":0},"o":{"a":0,"k":100,"ix":11},"r":{"a":0,"k":0,"ix":10}},"ef":[],"shapes":[{"ty":"gr","bm":0,"cl":"","ln":"","hd":false,"mn":"ADBE Vector Group","nm":"Ellipse 3","ix":1,"cix":2,"np":1,"it":[{"ty":"sh","bm":0,"cl":"","ln":"","hd":false,"mn":"ADBE Vector Shape - Group","nm":"Path 1","ix":1,"d":1,"ks":{"a":1,"k":[{"o":{"x":0.167,"y":0.167},"i":{"x":0.833,"y":0.833},"s":[{"c":true,"i":[[-194.546,54.872],[46,-283],[202.136,0],[53.627,210.319]],"o":[[234,-66],[-34.823,214.236],[-202.136,0],[-64,-251]],"v":[[-58,-395],[382,-4],[-28,403],[-382,2]]}],"t":0},{"o":{"x":0.167,"y":0.167},"i":{"x":0.833,"y":0.833},"s":[{"c":true,"i":[[-201.9,9.769],[46,-283],[198.441,-38.473],[-30.055,214.957]],"o":[[248,-12],[-34.823,214.236],[-196,38],[46,-329]],"v":[[-86,-411],[416,26],[-28,369],[-384,26]]}],"t":50},{"o":{"x":0.167,"y":0.167},"i":{"x":0.833,"y":0.833},"s":[{"c":true,"i":[[-189.571,70.156],[-42,-269],[198.441,-38.473],[0,217.048]],"o":[[254,-94],[50.213,321.602],[-196,38],[0,-265]],"v":[[-86,-411],[416,26],[-74,309],[-430,-32]]}],"t":99},{"o":{"x":0.167,"y":0.167},"i":{"x":0.833,"y":0.833},"s":[{"c":true,"i":[[-263.72,24.16],[16.66,-322.3],[194.54,24.06],[76.48,256.34]],"o":[[263.72,-24.16],[-16.66,322.3],[-198.486,-24.548],[-76.48,-256.34]],"v":[[-47.72,-384.84],[380.66,62.7],[-56.54,346.94],[-379.52,15.34]]}],"t":150},{"o":{"x":0.167,"y":0.167},"i":{"x":0.833,"y":0.833},"s":[{"c":true,"i":[[-194.546,54.872],[46,-283],[202.136,0],[53.627,210.319]],"o":[[234,-66],[-34.823,214.236],[-202.136,0],[-64,-251]],"v":[[-58,-395],[382,-4],[-28,403],[-382,2]]}],"t":199}],"ix":2}},{"ty":"tr","a":{"a":0,"k":[0,0],"ix":1},"s":{"a":0,"k":[100,100],"ix":3},"sk":{"a":0,"k":0,"ix":4},"p":{"a":0,"k":[2,-19],"ix":2},"r":{"a":0,"k":0,"ix":6},"sa":{"a":0,"k":0,"ix":5},"o":{"a":0,"k":100,"ix":7}}]},{"ty":"gf","bm":0,"cl":"","ln":"","hd":false,"mn":"ADBE Vector Graphic - G-Fill","nm":"Gradient Fill 2","e":{"a":0,"k":[276,-48],"ix":6},"g":{"p":3,"k":{"a":0,"k":[0,0.24313725490196078,0.5607843137254902,0.9647058823529412,0.499,0.24313725490196078,0.5607843137254902,0.9647058823529412,0.998,0.24313725490196078,0.5607843137254902,0.9647058823529412],"ix":9}},"t":1,"a":{"a":0,"k":0},"h":{"a":0,"k":0},"s":{"a":0,"k":[-294,54],"ix":5},"r":1,"o":{"a":0,"k":20,"ix":10}}],"ind":1},{"ty":4,"nm":"Shape Layer 1","mn":"","sr":1,"st":0,"op":200,"ip":0,"hd":false,"cl":"","ln":"","ddd":0,"bm":0,"tt":0,"hasMask":false,"td":0,"ao":0,"ks":{"a":{"a":0,"k":[0,0,0],"ix":1},"s":{"a":0,"k":[91,91.91,100],"ix":6},"sk":{"a":0,"k":0},"p":{"a":0,"k":[480,552,0],"ix":2},"sa":{"a":0,"k":0},"o":{"a":0,"k":100,"ix":11},"r":{"a":0,"k":0,"ix":10}},"ef":[],"shapes":[{"ty":"gr","bm":0,"cl":"","ln":"","hd":false,"mn":"ADBE Vector Group","nm":"Ellipse 2","ix":1,"cix":2,"np":1,"it":[{"ty":"sh","bm":0,"cl":"","ln":"","hd":false,"mn":"ADBE Vector Shape - Group","nm":"Path 1","ix":1,"d":1,"ks":{"a":1,"k":[{"o":{"x":0.167,"y":0.167},"i":{"x":0.833,"y":0.833},"s":[{"c":true,"i":[[-194.546,54.872],[46,-283],[202.136,0],[53.627,210.319]],"o":[[234,-66],[-34.823,214.236],[-202.136,0],[-64,-251]],"v":[[-58,-395],[382,-4],[-28,403],[-382,2]]}],"t":0},{"o":{"x":0.167,"y":0.167},"i":{"x":0.833,"y":0.833},"s":[{"c":true,"i":[[-201.9,9.769],[46,-283],[198.441,-38.473],[-30.055,214.957]],"o":[[248,-12],[-34.823,214.236],[-196,38],[46,-329]],"v":[[-86,-411],[416,26],[-28,369],[-384,26]]}],"t":50},{"o":{"x":0.167,"y":0.167},"i":{"x":0.833,"y":0.833},"s":[{"c":true,"i":[[-189.571,70.156],[-42,-269],[198.441,-38.473],[0,217.048]],"o":[[254,-94],[50.213,321.602],[-196,38],[0,-265]],"v":[[-86,-411],[416,26],[-74,309],[-430,-32]]}],"t":99},{"o":{"x":0.167,"y":0.167},"i":{"x":0.833,"y":0.833},"s":[{"c":true,"i":[[-263.72,24.16],[16.66,-322.3],[194.54,24.06],[76.48,256.34]],"o":[[263.72,-24.16],[-16.66,322.3],[-198.486,-24.548],[-76.48,-256.34]],"v":[[-47.72,-384.84],[380.66,62.7],[-56.54,346.94],[-379.52,15.34]]}],"t":150},{"o":{"x":0.167,"y":0.167},"i":{"x":0.833,"y":0.833},"s":[{"c":true,"i":[[-194.546,54.872],[46,-283],[202.136,0],[53.627,210.319]],"o":[[234,-66],[-34.823,214.236],[-202.136,0],[-64,-251]],"v":[[-58,-395],[382,-4],[-28,403],[-382,2]]}],"t":199}],"ix":2}},{"ty":"tr","a":{"a":0,"k":[0,0],"ix":1},"s":{"a":0,"k":[112,112],"ix":3},"sk":{"a":0,"k":0,"ix":4},"p":{"a":0,"k":[2,-75],"ix":2},"r":{"a":0,"k":-174,"ix":6},"sa":{"a":0,"k":0,"ix":5},"o":{"a":0,"k":100,"ix":7}}]},{"ty":"gf","bm":0,"cl":"","ln":"","hd":false,"mn":"ADBE Vector Graphic - G-Fill","nm":"Gradient Fill 1","e":{"a":0,"k":[276,-48],"ix":6},"g":{"p":3,"k":{"a":0,"k":[0,0.24313725490196078,0.5607843137254902,0.9647058823529412,0.5,0.24313725490196078,0.5607843137254902,0.9647058823529412,1,0.24313725490196078,0.5607843137254902,0.9647058823529412],"ix":9}},"t":1,"a":{"a":0,"k":0},"h":{"a":0,"k":0},"s":{"a":0,"k":[-294,54],"ix":5},"r":1,"o":{"a":0,"k":20,"ix":10}}],"ind":2}],"ddd":0,"h":1000,"w":1000,"meta":{"a":"","k":"","d":"","g":"@lottiefiles/toolkit-js 0.21.1","tc":"#ffffff"},"v":"5.7.1","fr":25,"op":200,"ip":0,"assets":[]}