{
  "v": "5.5.2",
  "fr": 60,
  "ip": 0,
  "op": 60,
  "w": 200,
  "h": 200,
  "nm": "Loading Spinner",
  "ddd": 0,
  "assets": [],
  "layers": [
    {
      "ddd": 0,
      "ind": 1,
      "ty": 4,
      "nm": "Spinner",
      "sr": 1,
      "ks": {
        "o": {"a": 0, "k": 100, "ix": 11},
        "r": {"a": 1, "k": [
          {"i": {"x": [0.833], "y": [0.833]}, "o": {"x": [0.167], "y": [0.167]}, "t": 0, "s": [0]},
          {"t": 60, "s": [360]}
        ], "ix": 10},
        "p": {"a": 0, "k": [100, 100, 0], "ix": 2},
        "a": {"a": 0, "k": [0, 0, 0], "ix": 1},
        "s": {"a": 0, "k": [100, 100, 100], "ix": 6}
      },
      "ao": 0,
      "shapes": [
        {
          "ty": "gr",
          "it": [
            {
              "ty": "el",
              "d": 1,
              "s": {"a": 0, "k": [80, 80], "ix": 2},
              "p": {"a": 0, "k": [0, 0], "ix": 3},
              "nm": "Ellipse Path"
            },
            {
              "ty": "st",
              "c": {"a": 0, "k": [0.231, 0.510, 0.965, 1], "ix": 3},
              "o": {"a": 0, "k": 100, "ix": 4},
              "w": {"a": 0, "k": 8, "ix": 5},
              "lc": 2,
              "lj": 1,
              "ml": 4,
              "d": [
                {
                  "n": "d",
                  "nm": "dash", 
                  "v": {"a": 0, "k": 20, "ix": 1}
                },
                {
                  "n": "g",
                  "nm": "gap",
                  "v": {"a": 0, "k": 10, "ix": 2}
                }
              ],
              "nm": "Stroke"
            },
            {
              "ty": "tr",
              "p": {"a": 0, "k": [0, 0], "ix": 2},
              "a": {"a": 0, "k": [0, 0], "ix": 1},
              "s": {"a": 0, "k": [100, 100], "ix": 3},
              "r": {"a": 0, "k": 0, "ix": 6},
              "o": {"a": 0, "k": 100, "ix": 7}
            }
          ],
          "nm": "Spinner Circle",
          "bm": 0
        }
      ],
      "ip": 0,
      "op": 60,
      "st": 0,
      "bm": 0
    }
  ],
  "markers": []
}
