{
  "v": "5.5.2",
  "fr": 60,
  "ip": 0,
  "op": 180,
  "w": 100,
  "h": 100,
  "nm": "React Icon",
  "ddd": 0,
  "assets": [],
  "layers": [
    {
      "ddd": 0,
      "ind": 1,
      "ty": 4,
      "nm": "React Logo",
      "sr": 1,
      "ks": {
        "o": {"a": 0, "k": 100, "ix": 11},
        "r": {"a": 1, "k": [
          {"i": {"x": [0.833], "y": [0.833]}, "o": {"x": [0.167], "y": [0.167]}, "t": 0, "s": [0]},
          {"t": 180, "s": [360]}
        ], "ix": 10},
        "p": {"a": 0, "k": [50, 50, 0], "ix": 2},
        "a": {"a": 0, "k": [0, 0, 0], "ix": 1},
        "s": {"a": 0, "k": [100, 100, 100], "ix": 6}
      },
      "ao": 0,
      "shapes": [
        {
          "ty": "gr",
          "it": [
            {
              "ty": "el",
              "d": 1,
              "s": {"a": 0, "k": [60, 20], "ix": 2},
              "p": {"a": 0, "k": [0, 0], "ix": 3},
              "nm": "Orbit 1"
            },
            {
              "ty": "st",
              "c": {"a": 0, "k": [0.231, 0.706, 0.929, 1], "ix": 3},
              "o": {"a": 0, "k": 100, "ix": 4},
              "w": {"a": 0, "k": 2, "ix": 5},
              "lc": 2,
              "lj": 1,
              "ml": 4,
              "nm": "Stroke"
            },
            {
              "ty": "tr",
              "p": {"a": 0, "k": [0, 0], "ix": 2},
              "a": {"a": 0, "k": [0, 0], "ix": 1},
              "s": {"a": 0, "k": [100, 100], "ix": 3},
              "r": {"a": 0, "k": 0, "ix": 6},
              "o": {"a": 0, "k": 100, "ix": 7}
            }
          ],
          "nm": "Orbit",
          "bm": 0
        },
        {
          "ty": "gr",
          "it": [
            {
              "ty": "el",
              "d": 1,
              "s": {"a": 0, "k": [6, 6], "ix": 2},
              "p": {"a": 0, "k": [0, 0], "ix": 3},
              "nm": "Center"
            },
            {
              "ty": "fl",
              "c": {"a": 0, "k": [0.231, 0.706, 0.929, 1], "ix": 4},
              "o": {"a": 0, "k": 100, "ix": 5},
              "r": 1,
              "bm": 0,
              "nm": "Fill"
            },
            {
              "ty": "tr",
              "p": {"a": 0, "k": [0, 0], "ix": 2},
              "a": {"a": 0, "k": [0, 0], "ix": 1},
              "s": {"a": 0, "k": [100, 100], "ix": 3},
              "r": {"a": 0, "k": 0, "ix": 6},
              "o": {"a": 0, "k": 100, "ix": 7}
            }
          ],
          "nm": "Center Dot",
          "bm": 0
        }
      ],
      "ip": 0,
      "op": 180,
      "st": 0,
      "bm": 0
    }
  ],
  "markers": []
}
